{
  "accuracy": 0.9998059049266875,
  "precision": 0.9997116845385289,
  "recall": 0.9999001796765822,
  "specificity": 0.9997116301767929,
  "f1": 0.999805923223227,
  "auc": 0.9998763323326807
}