{
  "modelo": "Perceptron",
  "accuracy": 0.5876077230683963,
  "precision": 0.5953255832377111,
  "recall": 0.5586778761843108,
  "specificity": 0.6163252083499685,
  "f1": 0.5745306207155714,
  "auc": 0,
  "threshold": 0.5
}