{
  "Modelo": "LightGbm",
  "ThresholdOptimo": 0.1,
  "Accuracy": 0.8173543905175817,
  "Precision": 0.842415058434549,
  "Recall": 0.7808459004561411,
  "Specificity": 0.8538663795674278,
  "F1": 0.8104284962496189,
  "AUC": 0.9245810566360125
}