{
  "FastTree": {
    "Accuracy": 0.5529068373992143,
    "Precision": 0.5486471218071909,
    "Recall": 0.5970633183619254,
    "Specificity": 0.5088009388422867,
    "F1": 0.5717577744933268,
    "AUC": 0.5989872811180125
  },
  "LightGbm": {
    "Accuracy": 0.5516469207340519,
    "Precision": 0.5472236174451769,
    "Recall": 0.5994395206229628,
    "Specificity": 0.5039518275757915,
    "F1": 0.5719822460682388,
    "AUC": 0.598056297011891
  },
  "Sdca": {
    "Accuracy": 0.5000041935723833,
    "Precision": 0,
    "Recall": 0,
    "Specificity": 1,
    "F1": 0,
    "AUC": 0.502264143278827
  },
  "Perceptron": {
    "Accuracy": 0.49711605344224485,
    "Precision": 0.49148318257200607,
    "Recall": 0.17255800657822024,
    "Specificity": 0.8216656355886421,
    "F1": 0.2552841997821369,
    "AUC": 0
  },
  "Lbfgs": {
    "Accuracy": 0.5423290911989154,
    "Precision": 0.5420496949284062,
    "Recall": 0.5457460300214337,
    "Specificity": 0.5389298519405921,
    "F1": 0.5438819012696838,
    "AUC": 0.5532788136879125
  }
}