{
  "Accuracy": 0.5529068373992143,
  "Precision": 0.5486471218071909,
  "Recall": 0.5970633183619254,
  "Specificity": 0.5088009388422867,
  "F1": 0.5717577744933268,
  "AUC": 0.5989872811180125
}