{
  "FastTree": {
    "Accuracy": 0.6243790203778016,
    "Precision": 0.6638530184034726,
    "Recall": 0.5047658959728711,
    "Specificity": 0.7440805198918748,
    "F1": 0.5732205048407121,
    "AUC": 0.6831241217819359
  },
  "LightGbm": {
    "Accuracy": 0.6223067318539004,
    "Precision": 0.6657219764830017,
    "Recall": 0.49220540155587,
    "Specificity": 0.7526684671159938,
    "F1": 0.5656698741664378,
    "AUC": 0.68154141442718
  },
  "Sdca": {
    "Accuracy": 0.5000081633644202,
    "Precision": 0,
    "Recall": 0,
    "Specificity": 1,
    "F1": 0,
    "AUC": 0.5292655160473262
  },
  "Perceptron": {
    "Accuracy": 0.5741648189330951,
    "Precision": 0.5920198565747612,
    "Recall": 0.47720007065867487,
    "Specificity": 0.671126690269039,
    "F1": 0.5283443494865352,
    "AUC": 0
  },
  "Lbfgs": {
    "Accuracy": 0.6036967962252417,
    "Precision": 0.6042837899533251,
    "Recall": 0.6008049049204441,
    "Specificity": 0.6066118511090764,
    "F1": 0.6025171248036763,
    "AUC": 0.6495361684780168
  }
}