{
  "modelo": "LightGbm",
  "accuracy": 0.6223067318539004,
  "precision": 0.6657219764830017,
  "recall": 0.49220540155587,
  "specificity": 0.7526684671159938,
  "f1": 0.5656698741664378,
  "auc": 0.68154141442718,
  "threshold": 0.8500000000000002
}