{
  "FastTree": {
    "Accuracy": 0.8145206048942896,
    "Precision": 0.8322196712898451,
    "Recall": 0.7879248814503246,
    "Specificity": 0.8411201107051657,
    "F1": 0.8094487014592598,
    "AUC": 0.9217160318088264
  },
  "LightGbm": {
    "Accuracy": 0.8173543905175817,
    "Precision": 0.842415058434549,
    "Recall": 0.7808459004561411,
    "Specificity": 0.8538663795674278,
    "F1": 0.8104284962496189,
    "AUC": 0.9245810566360125
  },
  "Sdca": {
    "Accuracy": 0.5000087675727597,
    "Precision": 0.6,
    "Recall": 1.633375639398085E-05,
    "Specificity": 1,
    "F1": 3.2666476313013596E-05,
    "AUC": 0.6959848405085473
  },
  "Perceptron": {
    "Accuracy": 0.6540180021799761,
    "Precision": 0.758542347373537,
    "Recall": 0.4531285801904178,
    "Specificity": 0.8549293883625362,
    "F1": 0.5665099614098128,
    "AUC": 0
  },
  "Lbfgs": {
    "Accuracy": 0.741153765015784,
    "Precision": 0.7509017924075037,
    "Recall": 0.7217341799472268,
    "Specificity": 0.7605757372711871,
    "F1": 0.7360263743173763,
    "AUC": 0.803559889518696
  }
}